{
    "flairs": {
        "null": {
            "total": 3264,
            "total_perc": 35.12699095996556,
            "removed": 45,
            "removed_perc": 1.3786764705882353
        },
        "request": {
            "total": 3449,
            "total_perc": 37.11795092552734,
            "removed": 756,
            "removed_perc": 21.919396926645405
        },
        "Now Quandl": {
            "total": 1,
            "total_perc": 0.01076194575979337,
            "removed_perc": null
        },
        "dataset": {
            "total": 1358,
            "total_perc": 14.614722341799396,
            "removed": 224,
            "removed_perc": 16.49484536082474
        },
        "question": {
            "total": 410,
            "total_perc": 4.412397761515282,
            "removed": 67,
            "removed_perc": 16.34146341463415
        },
        "API": {
            "total": 55,
            "total_perc": 0.5919070167886353,
            "removed": 6,
            "removed_perc": 10.909090909090908
        },
        "Dead": {
            "total": 2,
            "total_perc": 0.02152389151958674,
            "removed_perc": null
        },
        "resource": {
            "total": 333,
            "total_perc": 3.583727938011192,
            "removed": 11,
            "removed_perc": 3.303303303303303
        },
        "Tool": {
            "total": 5,
            "total_perc": 0.05380972879896685,
            "removed_perc": null
        },
        "visualization": {
            "total": 47,
            "total_perc": 0.5058114507102884,
            "removed": 11,
            "removed_perc": 23.404255319148938
        },
        "survey": {
            "total": 25,
            "total_perc": 0.26904864399483425,
            "removed": 6,
            "removed_perc": 24
        },
        "Discussion": {
            "total": 4,
            "total_perc": 0.04304778303917348,
            "removed": 1,
            "removed_perc": 25
        },
        "meta": {
            "total": 4,
            "total_perc": 0.04304778303917348,
            "removed": 1,
            "removed_perc": 25
        },
        "META": {
            "total": 53,
            "total_perc": 0.5703831252690486,
            "removed": 8,
            "removed_perc": 15.09433962264151
        },
        "discussion": {
            "total": 112,
            "total_perc": 1.2053379250968574,
            "removed": 24,
            "removed_perc": 21.428571428571427
        },
        "tutorial": {
            "total": 2,
            "total_perc": 0.02152389151958674,
            "removed_perc": null
        },
        "code": {
            "total": 28,
            "total_perc": 0.30133448127421436,
            "removed_perc": null
        },
        "Not Relevant": {
            "total": 1,
            "total_perc": 0.01076194575979337,
            "removed": 1,
            "removed_perc": 100
        },
        "project": {
            "total": 1,
            "total_perc": 0.01076194575979337,
            "removed": 1,
            "removed_perc": 100
        },
        "educational": {
            "total": 11,
            "total_perc": 0.11838140335772708,
            "removed": 1,
            "removed_perc": 9.090909090909092
        },
        "please set a flair": {
            "total": 109,
            "total_perc": 1.1730520878174773,
            "removed": 81,
            "removed_perc": 74.31192660550458
        },
        "tools": {
            "total": 1,
            "total_perc": 0.01076194575979337,
            "removed_perc": null
        },
        "DEAD": {
            "total": 1,
            "total_perc": 0.01076194575979337,
            "removed_perc": null
        },
        "Tools": {
            "total": 1,
            "total_perc": 0.01076194575979337,
            "removed_perc": null
        },
        "News": {
            "total": 3,
            "total_perc": 0.032285837279380114,
            "removed": 1,
            "removed_perc": 33.33333333333333
        },
        "META | Last one of 2016": {
            "total": 1,
            "total_perc": 0.01076194575979337,
            "removed_perc": null
        },
        "March": {
            "total": 1,
            "total_perc": 0.01076194575979337,
            "removed": 1,
            "removed_perc": 100
        },
        "dataset | bad": {
            "total": 1,
            "total_perc": 0.01076194575979337,
            "removed_perc": null
        },
        "Paper": {
            "total": 1,
            "total_perc": 0.01076194575979337,
            "removed": 1,
            "removed_perc": 100
        },
        "scraper": {
            "total": 1,
            "total_perc": 0.01076194575979337,
            "removed_perc": null
        },
        "story": {
            "total": 1,
            "total_perc": 0.01076194575979337,
            "removed_perc": null
        },
        "request | Cedigaz LNG trade flows.": {
            "total": 1,
            "total_perc": 0.01076194575979337,
            "removed": 1,
            "removed_perc": 100
        },
        "April": {
            "total": 1,
            "total_perc": 0.01076194575979337,
            "removed_perc": null
        },
        "news": {
            "total": 1,
            "total_perc": 0.01076194575979337,
            "removed_perc": null
        },
        "Meta": {
            "total": 1,
            "total_perc": 0.01076194575979337,
            "removed": 1,
            "removed_perc": 100
        },
        "Testing automod": {
            "total": 1,
            "total_perc": 0.01076194575979337,
            "removed_perc": null
        },
        "META | January": {
            "total": 1,
            "total_perc": 0.01076194575979337,
            "removed": 1,
            "removed_perc": 100
        }
    },
    "threads": {
        "total": 9292,
        "removed": 1250,
        "removed_perc": 13.452432199741713,
        "spam": 155,
        "spam_perc": 1.6681015927679725
    },
    "upvotes": {
        "sum": 67799,
        "mean": 7.2964916056823075,
        "mode": 1,
        "max": 857,
        "min": 0
    }
}